{
    "name": "root",
    "gauges": {
        "ObjectTaker.Policy.Entropy.mean": {
            "value": 1.4172024726867676,
            "min": 1.4172024726867676,
            "max": 1.4172024726867676,
            "count": 1
        },
        "ObjectTaker.Policy.Entropy.sum": {
            "value": 70888.46875,
            "min": 70888.46875,
            "max": 70888.46875,
            "count": 1
        },
        "ObjectTaker.Environment.EpisodeLength.mean": {
            "value": 83.0655462184874,
            "min": 83.0655462184874,
            "max": 83.0655462184874,
            "count": 1
        },
        "ObjectTaker.Environment.EpisodeLength.sum": {
            "value": 49424.0,
            "min": 49424.0,
            "max": 49424.0,
            "count": 1
        },
        "ObjectTaker.Policy.ExtrinsicValueEstimate.mean": {
            "value": 0.31187254190444946,
            "min": 0.31187254190444946,
            "max": 0.31187254190444946,
            "count": 1
        },
        "ObjectTaker.Policy.ExtrinsicValueEstimate.sum": {
            "value": 360.2127990722656,
            "min": 360.2127990722656,
            "max": 360.2127990722656,
            "count": 1
        },
        "ObjectTaker.Environment.CumulativeReward.mean": {
            "value": -0.48148148148148145,
            "min": -0.48148148148148145,
            "max": -0.48148148148148145,
            "count": 1
        },
        "ObjectTaker.Environment.CumulativeReward.sum": {
            "value": -286.0,
            "min": -286.0,
            "max": -286.0,
            "count": 1
        },
        "ObjectTaker.Policy.ExtrinsicReward.mean": {
            "value": -0.48148148148148145,
            "min": -0.48148148148148145,
            "max": -0.48148148148148145,
            "count": 1
        },
        "ObjectTaker.Policy.ExtrinsicReward.sum": {
            "value": -286.0,
            "min": -286.0,
            "max": -286.0,
            "count": 1
        },
        "ObjectTaker.Losses.PolicyLoss.mean": {
            "value": 0.02412972469076825,
            "min": 0.02412972469076825,
            "max": 0.02412972469076825,
            "count": 1
        },
        "ObjectTaker.Losses.PolicyLoss.sum": {
            "value": 0.096518898763073,
            "min": 0.096518898763073,
            "max": 0.096518898763073,
            "count": 1
        },
        "ObjectTaker.Losses.ValueLoss.mean": {
            "value": 0.1583067458899071,
            "min": 0.1583067458899071,
            "max": 0.1583067458899071,
            "count": 1
        },
        "ObjectTaker.Losses.ValueLoss.sum": {
            "value": 0.6332269835596284,
            "min": 0.6332269835596284,
            "max": 0.6332269835596284,
            "count": 1
        },
        "ObjectTaker.Policy.LearningRate.mean": {
            "value": 0.0002846064051312,
            "min": 0.0002846064051312,
            "max": 0.0002846064051312,
            "count": 1
        },
        "ObjectTaker.Policy.LearningRate.sum": {
            "value": 0.0011384256205248,
            "min": 0.0011384256205248,
            "max": 0.0011384256205248,
            "count": 1
        },
        "ObjectTaker.Policy.Epsilon.mean": {
            "value": 0.19486879999999998,
            "min": 0.19486879999999998,
            "max": 0.19486879999999998,
            "count": 1
        },
        "ObjectTaker.Policy.Epsilon.sum": {
            "value": 0.7794751999999999,
            "min": 0.7794751999999999,
            "max": 0.7794751999999999,
            "count": 1
        },
        "ObjectTaker.Policy.Beta.mean": {
            "value": 0.004743953119999999,
            "min": 0.004743953119999999,
            "max": 0.004743953119999999,
            "count": 1
        },
        "ObjectTaker.Policy.Beta.sum": {
            "value": 0.018975812479999996,
            "min": 0.018975812479999996,
            "max": 0.018975812479999996,
            "count": 1
        },
        "ObjectTaker.IsTraining.mean": {
            "value": 1.0,
            "min": 1.0,
            "max": 1.0,
            "count": 1
        },
        "ObjectTaker.IsTraining.sum": {
            "value": 1.0,
            "min": 1.0,
            "max": 1.0,
            "count": 1
        }
    },
    "metadata": {
        "timer_format_version": "0.1.0",
        "start_time_seconds": "1618828336",
        "python_version": "3.9.4 (tags/v3.9.4:1f2e308, Apr  6 2021, 13:40:21) [MSC v.1928 64 bit (AMD64)]",
        "command_line_arguments": "C:\\Soft\\Python\\Scripts\\mlagents-learn --run-id=FirstRun",
        "mlagents_version": "0.25.1",
        "mlagents_envs_version": "0.25.1",
        "communication_protocol_version": "1.5.0",
        "pytorch_version": "1.7.1+cu110",
        "numpy_version": "1.20.2",
        "end_time_seconds": "1618828849"
    },
    "total": 512.3114584,
    "count": 1,
    "self": 0.005024999999932334,
    "children": {
        "run_training.setup": {
            "total": 0.11084099999999997,
            "count": 1,
            "self": 0.11084099999999997
        },
        "TrainerController.start_learning": {
            "total": 512.1955924,
            "count": 1,
            "self": 1.4666965000023424,
            "children": {
                "TrainerController._reset_env": {
                    "total": 7.2925371,
                    "count": 1,
                    "self": 7.2925371
                },
                "TrainerController.advance": {
                    "total": 503.3443576999976,
                    "count": 66072,
                    "self": 0.6969929000006232,
                    "children": {
                        "env_step": {
                            "total": 502.647364799997,
                            "count": 66072,
                            "self": 388.0518291000011,
                            "children": {
                                "SubprocessEnvManager._take_step": {
                                    "total": 113.884522199999,
                                    "count": 66072,
                                    "self": 3.297238200005509,
                                    "children": {
                                        "TorchPolicy.evaluate": {
                                            "total": 110.58728399999349,
                                            "count": 65221,
                                            "self": 46.08899849999669,
                                            "children": {
                                                "TorchPolicy.sample_actions": {
                                                    "total": 64.4982854999968,
                                                    "count": 65221,
                                                    "self": 64.4982854999968
                                                }
                                            }
                                        }
                                    }
                                },
                                "workers": {
                                    "total": 0.7110134999969091,
                                    "count": 66071,
                                    "self": 0.0,
                                    "children": {
                                        "worker_root": {
                                            "total": 504.52894860000043,
                                            "count": 66071,
                                            "is_parallel": true,
                                            "self": 167.9633077999968,
                                            "children": {
                                                "steps_from_proto": {
                                                    "total": 0.0030885000000004936,
                                                    "count": 1,
                                                    "is_parallel": true,