{
    "name": "root",
    "gauges": {
        "CarAgent.Policy.Entropy.mean": {
            "value": 2.1971495151519775,
            "min": 2.1971495151519775,
            "max": 2.1971495151519775,
            "count": 1
        },
        "CarAgent.Policy.Entropy.sum": {
            "value": 22037.41015625,
            "min": 22037.41015625,
            "max": 22037.41015625,
            "count": 1
        },
        "CarAgent.Policy.ExtrinsicValueEstimate.mean": {
            "value": -0.006315382197499275,
            "min": -0.006315382197499275,
            "max": -0.006315382197499275,
            "count": 1
        },
        "CarAgent.Policy.ExtrinsicValueEstimate.sum": {
            "value": -1.0041457414627075,
            "min": -1.0041457414627075,
            "max": -1.0041457414627075,
            "count": 1
        },
        "CarAgent.Environment.EpisodeLength.mean": {
            "value": 1172.5,
            "min": 1172.5,
            "max": 1172.5,
            "count": 1
        },
        "CarAgent.Environment.EpisodeLength.sum": {
            "value": 9380.0,
            "min": 9380.0,
            "max": 9380.0,
            "count": 1
        },
        "CarAgent.Environment.CumulativeReward.mean": {
            "value": -1.4052496631629765,
            "min": -1.4052496631629765,
            "max": -1.4052496631629765,
            "count": 1
        },
        "CarAgent.Environment.CumulativeReward.sum": {
            "value": -11.241997305303812,
            "min": -11.241997305303812,
            "max": -11.241997305303812,
            "count": 1
        },
        "CarAgent.Policy.ExtrinsicReward.mean": {
            "value": -1.4052496631629765,
            "min": -1.4052496631629765,
            "max": -1.4052496631629765,
            "count": 1
        },
        "CarAgent.Policy.ExtrinsicReward.sum": {
            "value": -11.241997305303812,
            "min": -11.241997305303812,
            "max": -11.241997305303812,
            "count": 1
        },
        "CarAgent.IsTraining.mean": {
            "value": 1.0,
            "min": 1.0,
            "max": 1.0,
            "count": 1
        },
        "CarAgent.IsTraining.sum": {
            "value": 1.0,
            "min": 1.0,
            "max": 1.0,
            "count": 1
        }
    },
    "metadata": {
        "timer_format_version": "0.1.0",
        "start_time_seconds": "1618919420",
        "python_version": "3.9.1 (tags/v3.9.1:1e5d33e, Dec  7 2020, 17:08:21) [MSC v.1927 64 bit (AMD64)]",
        "command_line_arguments": "C:\\Soft\\Python\\Scripts\\mlagents-learn config/config.yaml --run-id=ThirdTake --force",
        "mlagents_version": "0.25.1",
        "mlagents_envs_version": "0.25.1",
        "communication_protocol_version": "1.5.0",
        "pytorch_version": "1.7.1+cu110",
        "numpy_version": "1.20.2",
        "end_time_seconds": "1618919526"
    },
    "total": 105.7857259,
    "count": 1,
    "self": 0.00432720000000586,
    "children": {
        "run_training.setup": {
            "total": 0.06277749999999993,
            "count": 1,
            "self": 0.06277749999999993
        },
        "TrainerController.start_learning": {
            "total": 105.7186212,
            "count": 1,
            "self": 0.2030799000007022,
            "children": {
                "TrainerController._reset_env": {
                    "total": 7.703990000000001,
                    "count": 1,
                    "self": 7.703990000000001
                },
                "TrainerController.advance": {
                    "total": 97.72686689999931,
                    "count": 16184,
                    "self": 0.09741389999918226,
                    "children": {
                        "env_step": {
                            "total": 97.62945300000013,
                            "count": 16184,
                            "self": 61.31257630000064,
                            "children": {
                                "SubprocessEnvManager._take_step": {
                                    "total": 36.20382929999917,
                                    "count": 16184,
                                    "self": 0.5071762999994007,
                                    "children": {
                                        "TorchPolicy.evaluate": {
                                            "total": 35.69665299999977,
                                            "count": 16184,
                                            "self": 11.563491299999377,
                                            "children": {
                                                "TorchPolicy.sample_actions": {
                                                    "total": 24.133161700000393,
                                                    "count": 16184,
                                                    "self": 24.133161700000393
                                                }
                                            }
                                        }
                                    }
                                },
                                "workers": {
                                    "total": 0.1130474000003101,
                                    "count": 16183,
                                    "self": 0.0,
                                    "children": {
                                        "worker_root": {
                                            "total": 98.65231180000038,
                                            "count": 16183,
                                            "is_parallel": true,
                                            "self": 46.22460370000204,
                                            "children": {
                                                "steps_from_proto": {
                                                    "total": 0.019327800000000117,
                                                    "count": 1,
                                                    "is_parallel": true,
                                                    "self": 0.01915829999999996,
                                                    "children": {
                                                        "_process_rank_one_or_two_observation": {
                                                            "total": 0.00016950000000015564,
                                                            "count": 4,
                                                            "is_parallel": true,
                                                            "self": 0.00016950000000015564
                                                        }
                                                    }
                                                },
                                                "UnityEnvironment.step": {
                                                    "total": 52.408380299998335,
                                                    "count": 16183,
                                                    "is_parallel": true,
                                                    "self": 0.625246399998133,
                                                    "children": {
                                                        "UnityEnvironment._generate_step_input": {
                                                            "total": 1.474298800000284,
                                                            "count": 16183,
                                                            "is_parallel": true,
                                                            "self": 1.474298800000284
                                                        },
                                                        "communicator.exchange": {
                                                            "total": 47.30429440000014,
                                                            "count": 16183,